Asset,Type,Source,Source URL,Author,License,License URL,Retrieved,Source File,Resolution,sRGB,Compression,Purpose
T_Ground037_Color,Texture 1K JPG,ambientCG,https://ambientcg.com/view?id=Ground037,ambientCG,CC0 1.0,https://creativecommons.org/publicdomain/zero/1.0/,2026-09-24,Ground037_1K-JPG_Color.jpg,1024x1024,TRUE,TC_DEFAULT,"Forest floor (moss/grass/earth) - Starting Reach ground: forest edge, training grounds"
T_Ground037_Normal,Texture 1K JPG,ambientCG,https://ambientcg.com/view?id=Ground037,ambientCG,CC0 1.0,https://creativecommons.org/publicdomain/zero/1.0/,2026-09-24,Ground037_1K-JPG_NormalGL.jpg,1024x1024,FALSE,TC_NORMALMAP,"Ground037 normal, OpenGL convention (matches UE)"
T_Ground037_Roughness,Texture 1K JPG,ambientCG,https://ambientcg.com/view?id=Ground037,ambientCG,CC0 1.0,https://creativecommons.org/publicdomain/zero/1.0/,2026-09-24,Ground037_1K-JPG_Roughness.jpg,1024x1024,FALSE,TC_DEFAULT,Ground037 roughness (data map)
T_Ground037_AO,Texture 1K JPG,ambientCG,https://ambientcg.com/view?id=Ground037,ambientCG,CC0 1.0,https://creativecommons.org/publicdomain/zero/1.0/,2026-09-24,Ground037_1K-JPG_AmbientOcclusion.jpg,1024x1024,FALSE,TC_DEFAULT,Ground037 ambient occlusion (data map)
T_Rock063_Color,Texture 1K JPG,ambientCG,https://ambientcg.com/view?id=Rock063,ambientCG,CC0 1.0,https://creativecommons.org/publicdomain/zero/1.0/,2026-09-24,Rock063_1K-JPG_Color.jpg,1024x1024,TRUE,TC_DEFAULT,"Aged mossy cliff rock - Brunnfeld: repaired stone, ruins, broken walls"
T_Rock063_Normal,Texture 1K JPG,ambientCG,https://ambientcg.com/view?id=Rock063,ambientCG,CC0 1.0,https://creativecommons.org/publicdomain/zero/1.0/,2026-09-24,Rock063_1K-JPG_NormalGL.jpg,1024x1024,FALSE,TC_NORMALMAP,"Rock063 normal, OpenGL convention (matches UE)"
T_Rock063_Roughness,Texture 1K JPG,ambientCG,https://ambientcg.com/view?id=Rock063,ambientCG,CC0 1.0,https://creativecommons.org/publicdomain/zero/1.0/,2026-09-24,Rock063_1K-JPG_Roughness.jpg,1024x1024,FALSE,TC_DEFAULT,Rock063 roughness (data map)
T_Rock063_AO,Texture 1K JPG,ambientCG,https://ambientcg.com/view?id=Rock063,ambientCG,CC0 1.0,https://creativecommons.org/publicdomain/zero/1.0/,2026-09-24,Rock063_1K-JPG_AmbientOcclusion.jpg,1024x1024,FALSE,TC_DEFAULT,Rock063 ambient occlusion (data map)
T_Planks009_Color,Texture 1K JPG,ambientCG,https://ambientcg.com/view?id=Planks009,ambientCG,CC0 1.0,https://creativecommons.org/publicdomain/zero/1.0/,2026-09-24,Planks009_1K-JPG_Color.jpg,1024x1024,TRUE,TC_DEFAULT,"Old wooden planks - Brunnfeld: wooden scaffolds, fences, old road ruins"
T_Planks009_Normal,Texture 1K JPG,ambientCG,https://ambientcg.com/view?id=Planks009,ambientCG,CC0 1.0,https://creativecommons.org/publicdomain/zero/1.0/,2026-09-24,Planks009_1K-JPG_NormalGL.jpg,1024x1024,FALSE,TC_NORMALMAP,"Planks009 normal, OpenGL convention (matches UE)"
T_Planks009_Roughness,Texture 1K JPG,ambientCG,https://ambientcg.com/view?id=Planks009,ambientCG,CC0 1.0,https://creativecommons.org/publicdomain/zero/1.0/,2026-09-24,Planks009_1K-JPG_Roughness.jpg,1024x1024,FALSE,TC_DEFAULT,Planks009 roughness (data map)
T_Planks009_AO,Texture 1K JPG,ambientCG,https://ambientcg.com/view?id=Planks009,ambientCG,CC0 1.0,https://creativecommons.org/publicdomain/zero/1.0/,2026-09-24,Planks009_1K-JPG_AmbientOcclusion.jpg,1024x1024,FALSE,TC_DEFAULT,Planks009 ambient occlusion (data map)
T_Metal038_Color,Texture 1K JPG,ambientCG,https://ambientcg.com/view?id=Metal038,ambientCG,CC0 1.0,https://creativecommons.org/publicdomain/zero/1.0/,2026-09-25,Metal038_1K-JPG_Color.jpg,1024x1024,TRUE,TC_DEFAULT,"Scratched steel - practice blades at Klingenhof (spec 7 worn blades), M_CC0Metal master"
T_Metal038_Normal,Texture 1K JPG,ambientCG,https://ambientcg.com/view?id=Metal038,ambientCG,CC0 1.0,https://creativecommons.org/publicdomain/zero/1.0/,2026-09-25,Metal038_1K-JPG_NormalGL.jpg,1024x1024,FALSE,TC_NORMALMAP,"Metal038 normal, OpenGL convention (matches UE)"
T_Metal038_Roughness,Texture 1K JPG,ambientCG,https://ambientcg.com/view?id=Metal038,ambientCG,CC0 1.0,https://creativecommons.org/publicdomain/zero/1.0/,2026-09-25,Metal038_1K-JPG_Roughness.jpg,1024x1024,FALSE,TC_DEFAULT,Metal038 roughness (data map)
T_Metal038_Metalness,Texture 1K JPG,ambientCG,https://ambientcg.com/view?id=Metal038,ambientCG,CC0 1.0,https://creativecommons.org/publicdomain/zero/1.0/,2026-09-25,Metal038_1K-JPG_Metalness.jpg,1024x1024,FALSE,TC_DEFAULT,Metal038 metalness (data map, wired to Metallic)
SM_BladeRack_Klingenhof,Static Mesh FBX 1K,Poly Haven,https://polyhaven.com/a/katana_stand_01,Poly Haven,CC0 1.0,https://polyhaven.com/license,2026-09-25,katana_stand_01_1k.fbx,NA,NA,NA,"Klingenhof blade rack - replaces cube proxy, spec 7 blade tradition (backlog #24); imported from katana_stand_01_1k_ubx.fbx derivative (Blender headless UBX box collision, same CC0 source)"
SM_Barrel_Brunnfeld,Static Mesh FBX 1K,Poly Haven,https://polyhaven.com/a/Barrel_01,Poly Haven,CC0 1.0,https://polyhaven.com/license,2026-09-25,Barrel_01_1k.fbx,NA,NA,NA,"Brunnfeld reconstruction prop barrel (backlog #24); imported from Barrel_01_1k_ubx.fbx derivative (Blender headless UBX box collision, same CC0 source)"
SM_Bench_Brunnfeld,Static Mesh FBX 1K,Poly Haven,https://polyhaven.com/a/painted_wooden_bench,Poly Haven,CC0 1.0,https://polyhaven.com/license,2026-09-25,painted_wooden_bench_1k.fbx,NA,NA,NA,"Brunnfeld bench at the town well (backlog #24); imported from painted_wooden_bench_1k_ubx.fbx derivative (Blender headless UBX box collision, same CC0 source)"
SM_IslandTree_Grauwaldrand,Static Mesh FBX/glb,Poly Haven,https://polyhaven.com/a/island_tree_02,Poly Haven,CC0 1.0,https://polyhaven.com/license,2026-10-07,D:/Assets/CC0/Models/island_tree_02/island_tree_02_1k.fbx,-,-,-,"Trees/vegetation for Grauwaldrand forest edge - backlog #41 (Band 5 ss8/ss18); sha256=ac2489d7c5b76cbe050a4f78d1984d614c2a7b0cfbe617b95836859613ab6d76 md5=52f6b7264dc026f9496d5cb7d51f7c04 (md5 verified against Poly Haven files API); 1k FBX 32258924 bytes, lightest full tree in the Poly Haven model catalog; NO import, NO build in this step - import follows in #41b"
SM_TreeStump_Grauwaldrand,Static Mesh FBX/glb,Poly Haven,https://polyhaven.com/a/tree_stump_01,Poly Haven,CC0 1.0,https://polyhaven.com/license,2026-10-07,D:/Assets/CC0/Models/tree_stump_01/tree_stump_01_1k.fbx,-,-,-,"Tree stump / shrub layer for Grauwaldrand forest edge - backlog #41 (Band 5 ss8/ss18); sha256=754a6b668361456a8ad3405d163735ac7fdd4a75b8e4fe16db777fcfe40f692d md5=0356305935a31f7ca47900fa8338109d (md5 verified against Poly Haven files API); 1k FBX 2871068 bytes; NO import, NO build in this step - import follows in #41b"
T_IslandTree02_Color,Texture 1K JPG,Poly Haven,https://polyhaven.com/a/island_tree_02,Poly Haven,CC0 1.0,https://polyhaven.com/license,2026-10-07,island_tree_02_diff_1k.jpg,1K JPG,True,TC_DEFAULT,Vegetation color map island_tree_02 trunk - backlog #41 sha256=8fc20397ab5d514c119d7a025868414d78e436138d3867a4b7ba12334a72ec3a md5=b7435527d9628527ce47d89fc1468e9a
T_IslandTree02_Normal,Texture 1K JPG,Poly Haven,https://polyhaven.com/a/island_tree_02,Poly Haven,CC0 1.0,https://polyhaven.com/license,2026-10-07,island_tree_02_nor_gl_1k.jpg,1K JPG,False,TC_NORMALMAP,Vegetation normal map island_tree_02 trunk OpenGL convention - backlog #41 sha256=1580d5a42d02f4ede51bfb03972ab0aef3d8acafbd3692276879171007bb70ec md5=d8b8bc86de9934a743fc9b0a5470e695
T_IslandTree02_Roughness,Texture 1K JPG,Poly Haven,https://polyhaven.com/a/island_tree_02,Poly Haven,CC0 1.0,https://polyhaven.com/license,2026-10-07,island_tree_02_rough_1k.jpg,1K JPG,False,TC_DEFAULT,Vegetation roughness map island_tree_02 trunk (data map) - backlog #41 sha256=3dd33b20d683e4be9be6eebcb16963d943e671f3e701f49fe886de5bc4b25d02 md5=9b5c45f5ae29d71179c024f0c4ab5e2b
T_IslandTree02_Branches_Color,Texture 1K JPG,Poly Haven,https://polyhaven.com/a/island_tree_02,Poly Haven,CC0 1.0,https://polyhaven.com/license,2026-10-07,island_tree_02_branches_diff_1k.jpg,1K JPG,True,TC_DEFAULT,Vegetation color map island_tree_02 branches - backlog #41 sha256=bee5ec22196e9e31ad0c95a5a9b4636571cc0124d5bb27a92f1e307d289cc60d md5=7792907fe2b2b748c129a2384192a579
T_IslandTree02_Branches_Normal,Texture 1K JPG,Poly Haven,https://polyhaven.com/a/island_tree_02,Poly Haven,CC0 1.0,https://polyhaven.com/license,2026-10-07,island_tree_02_branches_nor_gl_1k.jpg,1K JPG,False,TC_NORMALMAP,Vegetation normal map island_tree_02 branches OpenGL convention - backlog #41 sha256=2d67393ba76a0f49cf965fa0c99d8c16268e71e87b1203d35539bfdb971a514e md5=789084affb01f4a22290a848558f5e12
T_IslandTree02_Branches_Roughness,Texture 1K JPG,Poly Haven,https://polyhaven.com/a/island_tree_02,Poly Haven,CC0 1.0,https://polyhaven.com/license,2026-10-07,island_tree_02_branches_rough_1k.jpg,1K JPG,False,TC_DEFAULT,Vegetation roughness map island_tree_02 branches (data map) - backlog #41 sha256=b9f5a894c5f4d6f3ecbdcfa0b253a991d3a11142041a679f42a2d355e1871097 md5=2662769c28909660c926991fcf663f47
T_IslandTree02_Leaves_Color,Texture 1K JPG,Poly Haven,https://polyhaven.com/a/island_tree_02,Poly Haven,CC0 1.0,https://polyhaven.com/license,2026-10-07,island_tree_02_leaves_diff_1k.jpg,1K JPG,True,TC_DEFAULT,Vegetation color map island_tree_02 leaves (foliage) - backlog #41 sha256=f56d762a1507754752abf164cc12acbc1e87ce87fa609ac44b98a1b0037c89d8 md5=1356cbb5a5dd1318f9f2a01eddbf03e1
T_IslandTree02_Leaves_Normal,Texture 1K JPG,Poly Haven,https://polyhaven.com/a/island_tree_02,Poly Haven,CC0 1.0,https://polyhaven.com/license,2026-10-07,island_tree_02_leaves_nor_gl_1k.jpg,1K JPG,False,TC_NORMALMAP,Vegetation normal map island_tree_02 leaves OpenGL convention - backlog #41 sha256=07ba461c0c95da4e49a42981766bdb6191d4c3c4d815796c082266dcc3cecdb8 md5=a08ffb98b5ffb7dfa682e05a1639c642
T_IslandTree02_Leaves_Roughness,Texture 1K JPG,Poly Haven,https://polyhaven.com/a/island_tree_02,Poly Haven,CC0 1.0,https://polyhaven.com/license,2026-10-07,island_tree_02_leaves_rough_1k.jpg,1K JPG,False,TC_DEFAULT,Vegetation roughness map island_tree_02 leaves (data map) - backlog #41 sha256=a9125d51b99a20f76bbbe4f0b9b20c9f9062f7510869997a2a9d58439283ea95 md5=620f7b7309a637d45b267504dae2beab
T_IslandTree02_Leaves_Alpha,Texture 1K JPG,Poly Haven,https://polyhaven.com/a/island_tree_02,Poly Haven,CC0 1.0,https://polyhaven.com/license,2026-10-07,island_tree_02_leaves_alpha_1k.jpg,1K JPG,False,TC_DEFAULT,Vegetation opacity mask alpha island_tree_02 leaves -> M_CC0Foliage OpacityMask - backlog #41 sha256=554272801b722756a02a32530ea12bae1a2a46fb72c1d294cd2751817ae5ea95 md5=da7ea0a883265115f2c0f5fbc6101f8d
T_TreeStump01_Color,Texture 1K JPG,Poly Haven,https://polyhaven.com/a/tree_stump_01,Poly Haven,CC0 1.0,https://polyhaven.com/license,2026-10-07,tree_stump_01_diff_1k.jpg,1K JPG,True,TC_DEFAULT,Vegetation color map tree_stump_01 stump - backlog #41 sha256=781ebe420ac4d84f2e44b9e9937a596e3d5d90711d978a1392f8bf3771b5bf31 md5=c71fe60400276a37b8847048cbec3720
T_TreeStump01_Normal,Texture 1K JPG,Poly Haven,https://polyhaven.com/a/tree_stump_01,Poly Haven,CC0 1.0,https://polyhaven.com/license,2026-10-07,tree_stump_01_nor_gl_1k.jpg,1K JPG,False,TC_NORMALMAP,Vegetation normal map tree_stump_01 OpenGL convention - backlog #41 sha256=425117514b0386bb6df41cb64a61a624d2596472e05777483d4021b3285e3ceb md5=cc2a3c6e4682a521b15cccc61a416bbf
T_TreeStump01_Roughness,Texture 1K JPG,Poly Haven,https://polyhaven.com/a/tree_stump_01,Poly Haven,CC0 1.0,https://polyhaven.com/license,2026-10-07,tree_stump_01_rough_1k.jpg,1K JPG,False,TC_DEFAULT,Vegetation roughness map tree_stump_01 (data map) - backlog #41 sha256=d8143edeb2ae921eb971ab0e6149a841add498c580a1f13c8e8b6c75aa02738f md5=b6902cfa5614b043946a930b5c341509
